country_code,country_name,parent_handle,parent_title,option_names,variant_label,variant_sku,retail_price,compare_at_price,catalog_handle
CL,Chile,cadena-chinesca-edicion-limitada-hombre,Cadena Chinesca Edición Limitada Hombre,Grosor,4mm/65cm,,59500.0,85000.0,cadena-chinesca-edicion-limitada-hombre--4mm-65cm
CL,Chile,cadena-chinesca-edicion-limitada-hombre,Cadena Chinesca Edición Limitada Hombre,Grosor,6mm/65cm,,72500.0,105000.0,cadena-chinesca-edicion-limitada-hombre--6mm-65cm
CL,Chile,cadena-chinesca-edicion-limitada-hombre,Cadena Chinesca Edición Limitada Hombre,Grosor,8mm/65cm,,84000.0,120000.0,cadena-chinesca-edicion-limitada-hombre--8mm-65cm
CL,Chile,cadena-chinesa-hombre,Cadena Chinesca Hombre,Grosor,4mm/65cm,44883,59500.0,85000.0,cadena-chinesa-hombre--4mm-65cm
CL,Chile,cadena-chinesa-hombre,Cadena Chinesca Hombre,Grosor,6mm/65cm,44888,72500.0,105000.0,cadena-chinesa-hombre--6mm-65cm
CL,Chile,cadena-chinesa-hombre,Cadena Chinesca Hombre,Grosor,8mm/65cm,,84000.0,120000.0,cadena-chinesa-hombre--8mm-65cm
CL,Chile,cadena-cubana-hombre,Cadena Cubana Hombre,Medida,4mm/65cm,42397,52500.0,75000.0,cadena-cubana-hombre--4mm-65cm
CL,Chile,cadena-cubana-hombre,Cadena Cubana Hombre,Medida,6mm/65cm,42398,70000.0,100000.0,cadena-cubana-hombre--6mm-65cm
CL,Chile,cadena-cubana-hombre,Cadena Cubana Hombre,Medida,9mm/65cm,42399,81900.0,117000.0,cadena-cubana-hombre--9mm-65cm
CL,Chile,cadena-egipcia-hombre,Cadena Egipcia Hombre,Medida,4mm/65cm,,59500.0,85000.0,cadena-egipcia-hombre--4mm-65cm
CL,Chile,cadena-egipcia-hombre,Cadena Egipcia Hombre,Medida,6mm/65cm,,72500.0,105000.0,cadena-egipcia-hombre--6mm-65cm
CL,Chile,cadena-entrelazada-hombre,Cadena Entrelazada Hombre,Medida,5mm/65cm,,69184.0,92245.0,cadena-entrelazada-hombre--5mm-65cm
CL,Chile,cadena-entrelazada-hombre,Cadena Entrelazada Hombre,Medida,6mm/65mm,,72825.0,97100.0,cadena-entrelazada-hombre--6mm-65mm
CL,Chile,cadena-cartier-hombre-1,CADENA ESLABON HOMBRE,Medida,6mm/65cm,42500,24120.0,,cadena-cartier-hombre-1--6mm-65cm
CL,Chile,cadena-cartier-hombre-1,CADENA ESLABON HOMBRE,Medida,7mm/65cm,42520,26392.0,,cadena-cartier-hombre-1--7mm-65cm
CL,Chile,cadena-cartier-hombre,Cadena Eslabon Hombre,Medida,6mm/65cm,42500,24120.0,100000.0,cadena-cartier-hombre--6mm-65cm
CL,Chile,cadena-cartier-hombre,Cadena Eslabon Hombre,Medida,7mm/65cm,42520,26392.0,110000.0,cadena-cartier-hombre--7mm-65cm
CL,Chile,cadena-franco-hombre4mm,Cadena Franco Hombre 4mm,Largo | Medida,3mm/65cm / 65cm,,51000.0,68000.0,cadena-franco-hombre4mm--3mm-65cm-65cm
CL,Chile,cadena-franco-hombre4mm,Cadena Franco Hombre 4mm,Largo | Medida,4mm/65cm / 65cm,,56512.0,75000.0,cadena-franco-hombre4mm--4mm-65cm-65cm
CL,Chile,cadena-franco-hombre4mm,Cadena Franco Hombre 4mm,Largo | Medida,6mm/65cm / 65cm,,65643.0,85000.0,cadena-franco-hombre4mm--6mm-65cm-65cm
CL,Chile,cadena-grabada-hombre,Cadena Grabada Hombre,Largo | Medida,4mm/65cm / 65cm,,52500.0,75000.0,cadena-grabada-hombre--4mm-65cm-65cm
CL,Chile,cadena-grabada-hombre,Cadena Grabada Hombre,Largo | Medida,6mm/65cm / 65cm,,70000.0,100000.0,cadena-grabada-hombre--6mm-65cm-65cm
CL,Chile,cadena-grabada-hombre,Cadena Grabada Hombre,Largo | Medida,8mm/65cm / 65cm,,81900.0,117000.0,cadena-grabada-hombre--8mm-65cm-65cm
CL,Chile,cadena-granocafe-hombre,Cadena Grano de Café Hombre,Medida,6mm/65cm,,65900.0,87390.0,cadena-granocafe-hombre--6mm-65cm
CL,Chile,cadena-granocafe-hombre,Cadena Grano de Café Hombre,Medida,7mm/65cm,,72825.0,97100.0,cadena-granocafe-hombre--7mm-65cm
CL,Chile,cadena-lazo-hombre,Cadena Lazo Hombre,Largo | Medida,4mm/65cm / 65cm,,52500.0,75000.0,cadena-lazo-hombre--4mm-65cm-65cm
CL,Chile,cadena-lazo-hombre,Cadena Lazo Hombre,Largo | Medida,6mm/65cm / 65cm,,70000.0,100000.0,cadena-lazo-hombre--6mm-65cm-65cm
CL,Chile,cadena-lazo-hombre,Cadena Lazo Hombre,Largo | Medida,8mm/65cm / 65cm,,81900.0,117000.0,cadena-lazo-hombre--8mm-65cm-65cm
CL,Chile,cadena-rustica-hombre,Cadena Rustica Hombre,Largo | Medida,4mm/65cm / 65cm,,59500.0,85000.0,cadena-rustica-hombre--4mm-65cm-65cm
CL,Chile,cadena-rustica-hombre,Cadena Rustica Hombre,Largo | Medida,6mm/65cm / 65cm,,72500.0,10500.0,cadena-rustica-hombre--6mm-65cm-65cm
CL,Chile,cadena-serpiente-hombre,Cadena Serpiente Hombre,Largo | Medida,4mm/65cm / 65cm,,52500.0,75000.0,cadena-serpiente-hombre--4mm-65cm-65cm
CL,Chile,cadena-serpiente-hombre,Cadena Serpiente Hombre,Largo | Medida,6mm/65cm / 65cm,,70000.0,100000.0,cadena-serpiente-hombre--6mm-65cm-65cm
CL,Chile,cadena-serpiente-hombre,Cadena Serpiente Hombre,Largo | Medida,8mm/65cm / 65cm,,81900.0,117000.0,cadena-serpiente-hombre--8mm-65cm-65cm
CL,Chile,cadena-veneciana-hombre,Cadena Veneciana Hombre,Largo | Medida,4mm/65cm / 65cm,,50978.0,68000.0,cadena-veneciana-hombre--4mm-65cm-65cm
CL,Chile,cadena-veneciana-hombre,Cadena Veneciana Hombre,Largo | Medida,6mm/65cm / 65cm,,65543.0,87390.0,cadena-veneciana-hombre--6mm-65cm-65cm
CL,Chile,pulsera-chinesca-edicion-limitada-hombre,Pulsera Chinesca Edición Limitada Hombre,Medida,8mm/20cm,,50600.0,79000.0,pulsera-chinesca-edicion-limitada-hombre--8mm-20cm
CL,Chile,pulsera-chinesca-edicion-limitada-hombre,Pulsera Chinesca Edición Limitada Hombre,Medida,3mm/20cm,,38400.0,60000.0,pulsera-chinesca-edicion-limitada-hombre--3mm-20cm
CL,Chile,pulsera-chinesca-edicion-limitada-hombre,Pulsera Chinesca Edición Limitada Hombre,Medida,6mm/20cm,,42900.0,67000.0,pulsera-chinesca-edicion-limitada-hombre--6mm-20cm
CL,Chile,pulsera-chinesca-hombre,Pulsera Chinesca Hombre,Medida,8mm/20cm,54890,50600.0,79000.0,pulsera-chinesca-hombre--8mm-20cm
CL,Chile,pulsera-chinesca-hombre,Pulsera Chinesca Hombre,Medida,3mm/20cm,54883-0,38400.0,60000.0,pulsera-chinesca-hombre--3mm-20cm
CL,Chile,pulsera-chinesca-hombre,Pulsera Chinesca Hombre,Medida,6mm/20cm,54888-1,42900.0,67000.0,pulsera-chinesca-hombre--6mm-20cm
CL,Chile,china-doble-carrier-65cm-virgen-swarovski-44888-22146,Pulsera Cruzada Hombre,20cm,4mm,54202,47900.0,58000.0,china-doble-carrier-65cm-virgen-swarovski-44888-22146--4mm
CL,Chile,china-doble-carrier-65cm-virgen-swarovski-44888-22146,Pulsera Cruzada Hombre,20cm,6mm,54203,50900.0,68000.0,china-doble-carrier-65cm-virgen-swarovski-44888-22146--6mm
CL,Chile,pulsera-cubana-hombre,Pulsera Cubana Hombre,Medida,4mm/20cm,,38452.0,56000.0,pulsera-cubana-hombre--4mm-20cm
CL,Chile,pulsera-cubana-hombre,Pulsera Cubana Hombre,Medida,6mm/20cm,,43695.0,62000.0,pulsera-cubana-hombre--6mm-20cm
CL,Chile,pulsera-cubana-hombre,Pulsera Cubana Hombre,Medida,8mm/20cm,,46413.0,67000.0,pulsera-cubana-hombre--8mm-20cm
CL,Chile,pulsera-cartier-hombre,Pulsera Eslabon Hombre,Medida,6mm/20cm,,43695.0,58260.0,pulsera-cartier-hombre--6mm-20cm
CL,Chile,pulsera-cartier-hombre,Pulsera Eslabon Hombre,Medida,9mm/20cm,,48772.0,58260.0,pulsera-cartier-hombre--9mm-20cm
CL,Chile,cadena-china-65cm-copia-1,Pulsera Franco Hombre,Medida,4mm/20cm,,38452.0,52000.0,cadena-china-65cm-copia-1--4mm-20cm
CL,Chile,cadena-china-65cm-copia-1,Pulsera Franco Hombre,Medida,6mm/20cm,,43695.0,58260.0,cadena-china-65cm-copia-1--6mm-20cm
CL,Chile,pulsera-grabada-hombre,Pulsera Grabada Hombre,Medida,4mmm/20cm,,38452.0,56000.0,pulsera-grabada-hombre--4mmm-20cm
CL,Chile,pulsera-grabada-hombre,Pulsera Grabada Hombre,Medida,6mm/20cm,,43695.0,62000.0,pulsera-grabada-hombre--6mm-20cm
CL,Chile,pulsera-grabada-hombre,Pulsera Grabada Hombre,Medida,8mm/20cm,,46414.0,67000.0,pulsera-grabada-hombre--8mm-20cm
CL,Chile,pulsera-lazo-hombre,Pulsera Lazo Hombre,Medida,4mm/20cm,,38452.0,56000.0,pulsera-lazo-hombre--4mm-20cm
CL,Chile,pulsera-lazo-hombre,Pulsera Lazo Hombre,Medida,6mm/20cm,,43695.0,62000.0,pulsera-lazo-hombre--6mm-20cm
CL,Chile,pulsera-lazo-hombre,Pulsera Lazo Hombre,Medida,8mm/20cm,,46614.0,67000.0,pulsera-lazo-hombre--8mm-20cm
CL,Chile,pulsera-rustica-hombre,Pulsera Rustica Hombre,Medida,4mm/20cm,,40000.0,53500.0,pulsera-rustica-hombre--4mm-20cm
CL,Chile,pulsera-rustica-hombre,Pulsera Rustica Hombre,Medida,6mm/20cm,,43695.0,58260.0,pulsera-rustica-hombre--6mm-20cm
CL,Chile,pulsera-serpiente-hombre,Pulsera Serpiente Hombre,Medida,4mm/20cm,,38452.0,56000.0,pulsera-serpiente-hombre--4mm-20cm
CL,Chile,pulsera-serpiente-hombre,Pulsera Serpiente Hombre,Medida,6mm/20cm,,43695.0,62000.0,pulsera-serpiente-hombre--6mm-20cm
CL,Chile,pulsera-serpiente-hombre,Pulsera Serpiente Hombre,Medida,8mm/20cm,,46414.0,67000.0,pulsera-serpiente-hombre--8mm-20cm
CL,Chile,pulsera-veneciana-hombre,Pulsera Veneciana Hombre,Grosor,4mm/20cm,,38452.0,58260.0,pulsera-veneciana-hombre--4mm-20cm
CL,Chile,pulsera-veneciana-hombre,Pulsera Veneciana Hombre,Grosor,6mm/20cm,,43695.0,58260.0,pulsera-veneciana-hombre--6mm-20cm
CO,Colombia,cadena-china-45-cm,Cadena China 45 cm,MEDIDA,CADENA DAMA 45 CM,43886,134925.0,179900.0,cadena-china-45-cm--cadena-dama-45-cm
CO,Colombia,cadena-china-45-cm,Cadena China 45 cm,MEDIDA,CADENA CABALLERO 60,43888,84.0,112.0,cadena-china-45-cm--cadena-caballero-60
CO,Colombia,cadena-chinesa-hombre,Cadena Chinesca Hombre,Grosor,4mm/65cm,44883,175000.0,250000.0,cadena-chinesa-hombre--4mm-65cm
CO,Colombia,cadena-chinesa-hombre,Cadena Chinesca Hombre,Grosor,6mm/65cm,44888,195300.0,279000.0,cadena-chinesa-hombre--6mm-65cm
CO,Colombia,cadena-chinesa-hombre,Cadena Chinesca Hombre,Grosor,8mm/65cm,,259700.0,371000.0,cadena-chinesa-hombre--8mm-65cm
CO,Colombia,cadena-cubana-hombre,Cadena Cubana Hombre,Medida,4mm/65cm,42397,150500.0,215000.0,cadena-cubana-hombre--4mm-65cm
CO,Colombia,cadena-cubana-hombre,Cadena Cubana Hombre,Medida,6mm/65cm,42398,179900.0,257000.0,cadena-cubana-hombre--6mm-65cm
CO,Colombia,cadena-cubana-hombre,Cadena Cubana Hombre,Medida,9mm/65cm,42399,227500.0,325000.0,cadena-cubana-hombre--9mm-65cm
CO,Colombia,cadena-egipcia-hombre,Cadena Egipcia Hombre,Medida,4mm/65cm,,179900.0,257000.0,cadena-egipcia-hombre--4mm-65cm
CO,Colombia,cadena-egipcia-hombre,Cadena Egipcia Hombre,Medida,6mm/65cm,,227500.0,325000.0,cadena-egipcia-hombre--6mm-65cm
CO,Colombia,cadena-entrelazada-hombre,Cadena Entrelazada Hombre,Medida,5mm/65cm,,150500.0,215000.0,cadena-entrelazada-hombre--5mm-65cm
CO,Colombia,cadena-entrelazada-hombre,Cadena Entrelazada Hombre,Medida,6mm/65mm,,179900.0,257000.0,cadena-entrelazada-hombre--6mm-65mm
CO,Colombia,cadena-cartier-hombre,Cadena Eslabon Hombre,Medida,6mm/65cm,42500,179900.0,257000.0,cadena-cartier-hombre--6mm-65cm
CO,Colombia,cadena-cartier-hombre,Cadena Eslabon Hombre,Medida,7mm/65cm,42520,199500.0,275000.0,cadena-cartier-hombre--7mm-65cm
CO,Colombia,cadena-cartier-hombre,Cadena Eslabon Hombre,Medida,9mm/65cm,42540,75825.0,105100.0,cadena-cartier-hombre--9mm-65cm
CO,Colombia,cadena-franco-hombre4mm,Cadena Franco Hombre 4mm,Largo | Medida,3mm/65cm / 65cm,,139900.0,199900.0,cadena-franco-hombre4mm--3mm-65cm-65cm
CO,Colombia,cadena-franco-hombre4mm,Cadena Franco Hombre 4mm,Largo | Medida,4mm/65cm / 65cm,,150500.0,215000.0,cadena-franco-hombre4mm--4mm-65cm-65cm
CO,Colombia,cadena-franco-hombre4mm,Cadena Franco Hombre 4mm,Largo | Medida,6mm/65cm / 65cm,,179900.0,257000.0,cadena-franco-hombre4mm--6mm-65cm-65cm
CO,Colombia,cadena-grabada-hombre,Cadena Grabada Hombre,Largo | Medida,4mm/65cm / 65cm,,169500.0,245000.0,cadena-grabada-hombre--4mm-65cm-65cm
CO,Colombia,cadena-grabada-hombre,Cadena Grabada Hombre,Largo | Medida,6mm/65cm / 65cm,,179900.0,257000.0,cadena-grabada-hombre--6mm-65cm-65cm
CO,Colombia,cadena-grabada-hombre,Cadena Grabada Hombre,Largo | Medida,8mm/65cm / 65cm,,227500.0,325000.0,cadena-grabada-hombre--8mm-65cm-65cm
CO,Colombia,cadena-granocafe-hombre,Cadena Grano de Café Hombre,Medida,6mm/65cm,,179900.0,257000.0,cadena-granocafe-hombre--6mm-65cm
CO,Colombia,cadena-granocafe-hombre,Cadena Grano de Café Hombre,Medida,7mm/65cm,,189000.0,270000.0,cadena-granocafe-hombre--7mm-65cm
CO,Colombia,cadena-lazo-hombre,Cadena Lazo Hombre,Largo | Medida,4mm/65cm / 65cm,,150500.0,215000.0,cadena-lazo-hombre--4mm-65cm-65cm
CO,Colombia,cadena-lazo-hombre,Cadena Lazo Hombre,Largo | Medida,6mm/65cm / 65cm,,179900.0,257000.0,cadena-lazo-hombre--6mm-65cm-65cm
CO,Colombia,cadena-lazo-hombre,Cadena Lazo Hombre,Largo | Medida,8mm/65cm / 65cm,,227500.0,325000.0,cadena-lazo-hombre--8mm-65cm-65cm
CO,Colombia,cadena-lazo-mujer2mm,Cadena Lazo Mujer 2mm,Medida,2mm/45cm,42782,97425.0,129900.0,cadena-lazo-mujer2mm--2mm-45cm
CO,Colombia,cadena-lazo-mujer2mm,Cadena Lazo Mujer 2mm,Medida,3mm/45cm,42787,104925.0,139900.0,cadena-lazo-mujer2mm--3mm-45cm
CO,Colombia,cadena-rustica-hombre,Cadena Rustica Hombre,Largo | Medida,4mm/65cm / 65cm,,227500.0,325000.0,cadena-rustica-hombre--4mm-65cm-65cm
CO,Colombia,cadena-rustica-hombre,Cadena Rustica Hombre,Largo | Medida,6mm/65cm / 65cm,,248500.0,355000.0,cadena-rustica-hombre--6mm-65cm-65cm
CO,Colombia,cadena-serpiente-hombre,Cadena Serpiente Hombre,Largo | Medida,4mm/65cm / 65cm,,169500.0,245000.0,cadena-serpiente-hombre--4mm-65cm-65cm
CO,Colombia,cadena-serpiente-hombre,Cadena Serpiente Hombre,Largo | Medida,6mm/65cm / 65cm,,179900.0,257000.0,cadena-serpiente-hombre--6mm-65cm-65cm
CO,Colombia,cadena-serpiente-hombre,Cadena Serpiente Hombre,Largo | Medida,8mm/65cm / 65cm,,227500.0,325000.0,cadena-serpiente-hombre--8mm-65cm-65cm
CO,Colombia,cadena-veneciana-hombre,Cadena Veneciana Hombre,Largo | Medida,4mm/65cm / 65cm,,150500.0,215000.0,cadena-veneciana-hombre--4mm-65cm-65cm
CO,Colombia,cadena-veneciana-hombre,Cadena Veneciana Hombre,Largo | Medida,6mm/65cm / 65cm,,179900.0,257000.0,cadena-veneciana-hombre--6mm-65cm-65cm
CO,Colombia,pulsera-balin-5-italiana-y-lisa,Pulsera Balín #5 Italiana y Lisa,Color,NEGRO,,199900.0,320000.0,pulsera-balin-5-italiana-y-lisa--negro
CO,Colombia,pulsera-balin-5-italiana-y-lisa,Pulsera Balín #5 Italiana y Lisa,Color,ROJO,,199900.0,320000.0,pulsera-balin-5-italiana-y-lisa--rojo
CO,Colombia,pulsera-balin-5-italiana-y-lisa-neopreno,Pulsera Balín #5 Italiana y Lisa + Neopreno,Color,ROJA,,159000.0,280000.0,pulsera-balin-5-italiana-y-lisa-neopreno--roja
CO,Colombia,pulsera-balin-5-italiana-y-lisa-neopreno,Pulsera Balín #5 Italiana y Lisa + Neopreno,Color,NEGRA,,159000.0,280000.0,pulsera-balin-5-italiana-y-lisa-neopreno--negra
CO,Colombia,pulsera-balin-6-diamantado-ref-0209,Pulsera Balín #6 Diamantado,Color,ROJA,0209,239000.0,370000.0,pulsera-balin-6-diamantado-ref-0209--roja
CO,Colombia,pulsera-balin-6-diamantado-ref-0209,Pulsera Balín #6 Diamantado,Color,NEGRA,0210,239000.0,370000.0,pulsera-balin-6-diamantado-ref-0209--negra
CO,Colombia,pulsera-chinesca-hombre,Pulsera Chinesca Hombre,Medida,4mm/20cm,54883-0,114800.0,185000.0,pulsera-chinesca-hombre--4mm-20cm
CO,Colombia,pulsera-chinesca-hombre,Pulsera Chinesca Hombre,Medida,6mm/20cm,54888-1,129500.0,199900.0,pulsera-chinesca-hombre--6mm-20cm
CO,Colombia,pulsera-chinesca-hombre,Pulsera Chinesca Hombre,Medida,8mm/20cm,54890,139900.0,164000.0,pulsera-chinesca-hombre--8mm-20cm
CO,Colombia,pulsera-cubana-hombre,Pulsera Cubana Hombre,Medida,4mm/20cm,,99400.0,142000.0,pulsera-cubana-hombre--4mm-20cm
CO,Colombia,pulsera-cubana-hombre,Pulsera Cubana Hombre,Medida,6mm/20cm,,105000.0,150000.0,pulsera-cubana-hombre--6mm-20cm
CO,Colombia,pulsera-cubana-hombre,Pulsera Cubana Hombre,Medida,8mm/20cm,,114800.0,164000.0,pulsera-cubana-hombre--8mm-20cm
CO,Colombia,pulsera-cartier-hombre,Pulsera Eslabon Hombre,Medida,6mm/20cm,,105000.0,150000.0,pulsera-cartier-hombre--6mm-20cm
CO,Colombia,pulsera-cartier-hombre,Pulsera Eslabon Hombre,Medida,9mm/20cm,,139900.0,199900.0,pulsera-cartier-hombre--9mm-20cm
CO,Colombia,cadena-china-65cm-copia-1,Pulsera Franco Hombre,Medida,4mm/20cm,,99400.0,142000.0,cadena-china-65cm-copia-1--4mm-20cm
CO,Colombia,cadena-china-65cm-copia-1,Pulsera Franco Hombre,Medida,6mm/20cm,,105000.0,150000.0,cadena-china-65cm-copia-1--6mm-20cm
CO,Colombia,pulsera-grabada-hombre,Pulsera Grabada Hombre,Medida,4mmm/20cm,,99400.0,142000.0,pulsera-grabada-hombre--4mmm-20cm
CO,Colombia,pulsera-grabada-hombre,Pulsera Grabada Hombre,Medida,6mm/20cm,,105000.0,150000.0,pulsera-grabada-hombre--6mm-20cm
CO,Colombia,pulsera-grabada-hombre,Pulsera Grabada Hombre,Medida,8mm/20cm,,114800.0,164000.0,pulsera-grabada-hombre--8mm-20cm
CO,Colombia,pulsera-lazo-hombre,Pulsera Lazo Hombre,Medida,4mm/20cm,,99400.0,142000.0,pulsera-lazo-hombre--4mm-20cm
CO,Colombia,pulsera-lazo-hombre,Pulsera Lazo Hombre,Medida,6mm/20cm,,105000.0,150000.0,pulsera-lazo-hombre--6mm-20cm
CO,Colombia,pulsera-lazo-hombre,Pulsera Lazo Hombre,Medida,8mm/20cm,,114800.0,164000.0,pulsera-lazo-hombre--8mm-20cm
CO,Colombia,pulsera-serpiente-hombre,Pulsera Serpiente Hombre,Medida,4mm/20cm,,99400.0,142000.0,pulsera-serpiente-hombre--4mm-20cm
CO,Colombia,pulsera-serpiente-hombre,Pulsera Serpiente Hombre,Medida,6mm/20cm,,105000.0,150000.0,pulsera-serpiente-hombre--6mm-20cm
CO,Colombia,pulsera-serpiente-hombre,Pulsera Serpiente Hombre,Medida,8mm/20cm,,114800.0,164000.0,pulsera-serpiente-hombre--8mm-20cm
CO,Colombia,pulsera-veneciana-hombre,Pulsera Veneciana Hombre,Grosor,4mm/20cm,,99400.0,142000.0,pulsera-veneciana-hombre--4mm-20cm
CO,Colombia,pulsera-veneciana-hombre,Pulsera Veneciana Hombre,Grosor,6mm/20cm,,105000.0,150000.0,pulsera-veneciana-hombre--6mm-20cm
EC,Ecuador,cadena-chinesa-hombre,Cadena Chinesca Hombre,Medida,4mm/65cm,44883,65.0,90.0,cadena-chinesa-hombre--4mm-65cm
EC,Ecuador,cadena-chinesa-hombre,Cadena Chinesca Hombre,Medida,6mm/65cm,44888,73.0,125.0,cadena-chinesa-hombre--6mm-65cm
EC,Ecuador,cadena-chinesa-hombre,Cadena Chinesca Hombre,Medida,8mm/65cm,44890,82.0,117.0,cadena-chinesa-hombre--8mm-65cm
EC,Ecuador,cadena-cruzada,Cadena Cruzada,Medida,4mm/65cm,43390,63.0,87.0,cadena-cruzada--4mm-65cm
EC,Ecuador,cadena-cruzada,Cadena Cruzada,Medida,6mm/65cm,43400,73.0,114.0,cadena-cruzada--6mm-65cm
EC,Ecuador,cadena-cruzada,Cadena Cruzada,Medida,8mm/65cm,,82.0,127.0,cadena-cruzada--8mm-65cm
EC,Ecuador,cadena-cubana-hombre,Cadena Cubana Hombre,Medida,4mm/65cm,42390,63.0,90.0,cadena-cubana-hombre--4mm-65cm
EC,Ecuador,cadena-cubana-hombre,Cadena Cubana Hombre,Medida,6mm/65cm,42395,73.0,103.0,cadena-cubana-hombre--6mm-65cm
EC,Ecuador,cadena-cubana-hombre,Cadena Cubana Hombre,Medida,9mm/65cm,42397,82.0,117.0,cadena-cubana-hombre--9mm-65cm
EC,Ecuador,cadena-cartier-hombre,Cadena Eslabón Hombre,Medida,4mm/65cm,42498,63.0,90.0,cadena-cartier-hombre--4mm-65cm
EC,Ecuador,cadena-cartier-hombre,Cadena Eslabón Hombre,Medida,6mm/65cm,42500,73.0,103.0,cadena-cartier-hombre--6mm-65cm
EC,Ecuador,cadena-cartier-hombre,Cadena Eslabón Hombre,Medida,8mm/65cm,42520,82.0,117.0,cadena-cartier-hombre--8mm-65cm
EC,Ecuador,cadena-franco,Cadena Franco,Medida,4mm/65cm,43195,63.0,90.0,cadena-franco--4mm-65cm
EC,Ecuador,cadena-franco,Cadena Franco,Medida,6mm/65cm,43200,73.0,103.0,cadena-franco--6mm-65cm
EC,Ecuador,cadena-franco,Cadena Franco,Medida,8mm/65cm,43192,82.0,117.0,cadena-franco--8mm-65cm
EC,Ecuador,cadena-grabada-hombre,Cadena Grabada,Medida,4mm/65cm,41189,63.0,90.0,cadena-grabada-hombre--4mm-65cm
EC,Ecuador,cadena-grabada-hombre,Cadena Grabada,Medida,6mm/65cm,41200,73.0,103.0,cadena-grabada-hombre--6mm-65cm
EC,Ecuador,cadena-grabada-hombre,Cadena Grabada,Medida,8mm/65cm,41220,82.0,117.0,cadena-grabada-hombre--8mm-65cm
EC,Ecuador,cadena-granocafe-hombre,Cadena Grano de Café Hombre,Medida,6mm/65cm,42900,73.0,103.0,cadena-granocafe-hombre--6mm-65cm
EC,Ecuador,cadena-granocafe-hombre,Cadena Grano de Café Hombre,Medida,7mm/65cm,42925,82.0,117.0,cadena-granocafe-hombre--7mm-65cm
EC,Ecuador,cadena-lazo-hombre,Cadena Lazo Hombre,Medida,4mm/65cm,42793,63.0,90.0,cadena-lazo-hombre--4mm-65cm
EC,Ecuador,cadena-lazo-hombre,Cadena Lazo Hombre,Medida,6mm/65cm,42800,73.0,103.0,cadena-lazo-hombre--6mm-65cm
EC,Ecuador,cadena-lazo-hombre,Cadena Lazo Hombre,Medida,8mm/65cm,42830,82.0,117.0,cadena-lazo-hombre--8mm-65cm
EC,Ecuador,cadena-rustica-hombre,Cadena Rustica Hombre,Medida,4mm/65cmm,42598,63.0,100.0,cadena-rustica-hombre--4mm-65cmm
EC,Ecuador,cadena-rustica-hombre,Cadena Rustica Hombre,Medida,6mm/65cm,42600,82.0,127.0,cadena-rustica-hombre--6mm-65cm
EC,Ecuador,cadena-serpiente-hombre,Cadena Serpiente Hombre,Medida,4mm/65cm,42287,63.0,90.0,cadena-serpiente-hombre--4mm-65cm
EC,Ecuador,cadena-serpiente-hombre,Cadena Serpiente Hombre,Medida,6mm/65vm,42300,73.0,103.0,cadena-serpiente-hombre--6mm-65vm
EC,Ecuador,cadena-serpiente-hombre,Cadena Serpiente Hombre,Medida,8mm/65cm,42320,82.0,117.0,cadena-serpiente-hombre--8mm-65cm
EC,Ecuador,cadena-veneciana-hombre,Cadena Veneciana Hombre,Medida,3mm/65cm,42693,59.0,85.0,cadena-veneciana-hombre--3mm-65cm
EC,Ecuador,cadena-veneciana-hombre,Cadena Veneciana Hombre,Medida,4mm/65cm,42695,63.0,90.0,cadena-veneciana-hombre--4mm-65cm
EC,Ecuador,cadena-veneciana-hombre,Cadena Veneciana Hombre,Medida,6mm/65cm,42700,82.0,117.0,cadena-veneciana-hombre--6mm-65cm
EC,Ecuador,24441,Dije Cruz Sagrada,Color,Verde,230351,59.0,79.0,24441--verde
EC,Ecuador,24441,Dije Cruz Sagrada,Color,Cristal,230352,59.0,79.0,24441--cristal
EC,Ecuador,dije-virgen-piedras,Dije Virgen Piedras,Color,COLORES,23146,49.0,65.0,dije-virgen-piedras--colores
EC,Ecuador,dije-virgen-piedras,Dije Virgen Piedras,Color,CRISTAL,23147,49.0,65.0,dije-virgen-piedras--cristal
EC,Ecuador,dije-virgen-piedras,Dije Virgen Piedras,Color,VERDE,23148,49.0,65.0,dije-virgen-piedras--verde
EC,Ecuador,copia-de-dije-virgen-del-carmen,Dije Virgen Swarovski Cristal,COLOR,Cristal,22146,70.0,95.0,copia-de-dije-virgen-del-carmen--cristal
EC,Ecuador,copia-de-dije-virgen-del-carmen,Dije Virgen Swarovski Cristal,COLOR,Colores,22147,70.0,95.0,copia-de-dije-virgen-del-carmen--colores
EC,Ecuador,pulsera-balin-diamantada,Pulsera Balín Diamantada #8,COLOR,1 NEGRA,1065,55.0,89.0,pulsera-balin-diamantada--1-negra
EC,Ecuador,pulsera-balin-diamantada,Pulsera Balín Diamantada #8,COLOR,1 ROJA,,55.0,89.0,pulsera-balin-diamantada--1-roja
EC,Ecuador,pulsera-balin-diamantada,Pulsera Balín Diamantada #8,COLOR,2 NEGRAS,,66.0,178.0,pulsera-balin-diamantada--2-negras
EC,Ecuador,pulsera-balin-diamantada,Pulsera Balín Diamantada #8,COLOR,2 ROJAS,,66.0,178.0,pulsera-balin-diamantada--2-rojas
EC,Ecuador,pulsera-cartier-hombre,Pulsera Carter Hombre,Medida,4mm/20cm,52498,39.0,60.0,pulsera-cartier-hombre--4mm-20cm
EC,Ecuador,pulsera-cartier-hombre,Pulsera Carter Hombre,Medida,6mm/20cm,52500,42.0,66.0,pulsera-cartier-hombre--6mm-20cm
EC,Ecuador,pulsera-cartier-hombre,Pulsera Carter Hombre,Medida,9mm/20cm,52540,55.0,79.0,pulsera-cartier-hombre--9mm-20cm
EC,Ecuador,pulsera-chinesca-hombre,Pulsera Chinesca Hombre,Grosor,4mm/20cm,54883,40.0,60.0,pulsera-chinesca-hombre--4mm-20cm
EC,Ecuador,pulsera-chinesca-hombre,Pulsera Chinesca Hombre,Grosor,6mm/20cm,54888,45.0,66.0,pulsera-chinesca-hombre--6mm-20cm
EC,Ecuador,pulsera-chinesca-hombre,Pulsera Chinesca Hombre,Grosor,8mm/20cm,54890,55.0,79.0,pulsera-chinesca-hombre--8mm-20cm
EC,Ecuador,pulsera-cubana-hombre,Pulsera Cubana Hombre,Grosor,4mm/20cm,52390,39.0,60.0,pulsera-cubana-hombre--4mm-20cm
EC,Ecuador,pulsera-cubana-hombre,Pulsera Cubana Hombre,Grosor,6mm/20cm,52395,42.0,66.0,pulsera-cubana-hombre--6mm-20cm
EC,Ecuador,pulsera-cubana-hombre,Pulsera Cubana Hombre,Grosor,8mm/20cm,52397,55.0,79.0,pulsera-cubana-hombre--8mm-20cm
EC,Ecuador,pulsera-egipcia-hombre,Pulsera Egipcia Hombre,Medida,4mm/20cm,53493,40.0,60.0,pulsera-egipcia-hombre--4mm-20cm
EC,Ecuador,pulsera-egipcia-hombre,Pulsera Egipcia Hombre,Medida,6mm/20cm,,44.0,66.0,pulsera-egipcia-hombre--6mm-20cm
EC,Ecuador,pulsera-franco-hombre,Pulsera Franco Hombre,Medida,4mm/20cm,53195,45.0,60.0,pulsera-franco-hombre--4mm-20cm
EC,Ecuador,pulsera-franco-hombre,Pulsera Franco Hombre,Medida,6mm/20cm,53200,49.0,65.0,pulsera-franco-hombre--6mm-20cm
EC,Ecuador,pulsera-grabada-hombre,Pulsera Grabada Hombre,Medida,4mm/20cm,51189,39.0,60.0,pulsera-grabada-hombre--4mm-20cm
EC,Ecuador,pulsera-grabada-hombre,Pulsera Grabada Hombre,Medida,6mm/20cm,51200,42.0,66.0,pulsera-grabada-hombre--6mm-20cm
EC,Ecuador,pulsera-grabada-hombre,Pulsera Grabada Hombre,Medida,8mm/20cm,51220,55.0,79.0,pulsera-grabada-hombre--8mm-20cm
EC,Ecuador,pulsera-granocafe-hombre,Pulsera Grano de Café Hombre,Grosor,6mm/20cm,52900,49.0,66.0,pulsera-granocafe-hombre--6mm-20cm
EC,Ecuador,pulsera-granocafe-hombre,Pulsera Grano de Café Hombre,Grosor,7mm/20cm,52925,55.0,75.0,pulsera-granocafe-hombre--7mm-20cm
EC,Ecuador,pulsera-lazo-hombre,Pulsera Lazo Hombre,Medida,4mm/20cm,52793,39.0,60.0,pulsera-lazo-hombre--4mm-20cm
EC,Ecuador,pulsera-lazo-hombre,Pulsera Lazo Hombre,Medida,6mm/20cm,52800,42.0,66.0,pulsera-lazo-hombre--6mm-20cm
EC,Ecuador,pulsera-lazo-hombre,Pulsera Lazo Hombre,Medida,8mm/20cm,52830,55.0,79.0,pulsera-lazo-hombre--8mm-20cm
EC,Ecuador,pulsera-rustica-hombre,Pulsera Rustica Hombre,Medida,4mm/20cm,52598,42.0,60.0,pulsera-rustica-hombre--4mm-20cm
EC,Ecuador,pulsera-rustica-hombre,Pulsera Rustica Hombre,Medida,6mm/20cm,52600,45.0,66.0,pulsera-rustica-hombre--6mm-20cm
EC,Ecuador,pulsera-san-benito-protector,Pulsera San Benito Protector,Medida,Grande,,49.0,89.0,pulsera-san-benito-protector--grande
EC,Ecuador,pulsera-san-benito-protector,Pulsera San Benito Protector,Medida,Mediana,,47.0,89.0,pulsera-san-benito-protector--mediana
EC,Ecuador,pulsera-serpiente-hombre,Pulsera Serpiente Hombre,Medida,4mm/20cm,52287,39.0,60.0,pulsera-serpiente-hombre--4mm-20cm
EC,Ecuador,pulsera-serpiente-hombre,Pulsera Serpiente Hombre,Medida,6mm/20cm,52300,42.0,66.0,pulsera-serpiente-hombre--6mm-20cm
EC,Ecuador,pulsera-serpiente-hombre,Pulsera Serpiente Hombre,Medida,8mm/20cm,52320,55.0,79.0,pulsera-serpiente-hombre--8mm-20cm
EC,Ecuador,pulsera-veneciana-hombre,Pulsera Veneciana Hombre,Medida,3mm/20cm,52693,39.0,52.0,pulsera-veneciana-hombre--3mm-20cm
EC,Ecuador,pulsera-veneciana-hombre,Pulsera Veneciana Hombre,Medida,4mm/20cm,52695,42.0,60.0,pulsera-veneciana-hombre--4mm-20cm
EC,Ecuador,pulsera-veneciana-hombre,Pulsera Veneciana Hombre,Medida,6mm/20cm,52700,55.0,66.0,pulsera-veneciana-hombre--6mm-20cm
EC,Ecuador,topo-chispa,Topo Chispa,Color,Cristal,,19.0,40.0,topo-chispa--cristal
EC,Ecuador,topo-chispa,Topo Chispa,Color,Verde,,19.0,40.0,topo-chispa--verde
EC,Ecuador,copia-de-candonga-bambu,Topos Balín,TAMAÑ0,Topos 2mm,33032,15.0,,copia-de-candonga-bambu--topos-2mm
EC,Ecuador,copia-de-candonga-bambu,Topos Balín,TAMAÑ0,Topos 4mm,33034,19.0,,copia-de-candonga-bambu--topos-4mm
EC,Ecuador,copia-de-candonga-bambu,Topos Balín,TAMAÑ0,Topos 6mm,34011,22.0,,copia-de-candonga-bambu--topos-6mm
EC,Ecuador,copia-de-candonga-bambu,Topos Balín,TAMAÑ0,Topos 8mm,34012,25.0,,copia-de-candonga-bambu--topos-8mm
EC,Ecuador,copia-de-candonga-bambu,Topos Balín,TAMAÑ0,COMBO X3,,45.0,60.0,copia-de-candonga-bambu--combo-x3
EC,Ecuador,copia-de-candonga-bambu,Topos Balín,TAMAÑ0,COMBO X4,33032 - 33034 - 34011 -34012,49.0,65.0,copia-de-candonga-bambu--combo-x4
ES,España,cadena-cartier-hombre,Cadena 3x1 Hombre,Medida,4mm/65cm,42498,60.0,80.0,cadena-cartier-hombre--4mm-65cm
ES,España,cadena-cartier-hombre,Cadena 3x1 Hombre,Medida,6mm/65cm,42500,70.0,95.0,cadena-cartier-hombre--6mm-65cm
ES,España,cadena-cartier-hombre,Cadena 3x1 Hombre,Medida,8mm/65cm,42520,80.0,109.0,cadena-cartier-hombre--8mm-65cm
ES,España,cadena-china-45-cm,Cadena China 45 cm,MEDIDA,CADENA DAMA 45 CM,43886,64.0,85.0,cadena-china-45-cm--cadena-dama-45-cm
ES,España,cadena-china-45-cm,Cadena China 45 cm,MEDIDA,CADENA CABALLERO 60,43888,84.0,112.0,cadena-china-45-cm--cadena-caballero-60
ES,España,cadena-chinesa-hombre,Cadena Chinesca Hombre,Medida,4mm/65cm,44883,60.0,110.0,cadena-chinesa-hombre--4mm-65cm
ES,España,cadena-chinesa-hombre,Cadena Chinesca Hombre,Medida,6mm/65cm,44888,69.0,125.0,cadena-chinesa-hombre--6mm-65cm
ES,España,cadena-chinesa-hombre,Cadena Chinesca Hombre,Medida,8mm/65cm,44890,80.0,140.0,cadena-chinesa-hombre--8mm-65cm
ES,España,cadena-entrelazada-hombre,Cadena Cruzada Hombre,Medida,4mm/65cm,43390,70.0,100.0,cadena-entrelazada-hombre--4mm-65cm
ES,España,cadena-entrelazada-hombre,Cadena Cruzada Hombre,Medida,6mm/65cm,43400,85.0,105.0,cadena-entrelazada-hombre--6mm-65cm
ES,España,cadena-cubana-hombre,Cadena Cubana Hombre,Medida,4mm/65cm,42390,60.0,80.0,cadena-cubana-hombre--4mm-65cm
ES,España,cadena-cubana-hombre,Cadena Cubana Hombre,Medida,6mm/65cm,42395,70.0,95.0,cadena-cubana-hombre--6mm-65cm
ES,España,cadena-cubana-hombre,Cadena Cubana Hombre,Medida,9mm/65cm,42397,80.0,109.0,cadena-cubana-hombre--9mm-65cm
ES,España,cadena-egipcia-hombre-1,Cadena Egipcia Hombre,Medida,4mm/65cm,43500,70.0,100.0,cadena-egipcia-hombre-1--4mm-65cm
ES,España,cadena-egipcia-hombre-1,Cadena Egipcia Hombre,Medida,6mm/65cm,43540,85.0,105.0,cadena-egipcia-hombre-1--6mm-65cm
ES,España,cadena-engranaje-hombre,Cadena Engranaje Hombre,Medida,4mm/65cm,45154,70.0,95.0,cadena-engranaje-hombre--4mm-65cm
ES,España,cadena-engranaje-hombre,Cadena Engranaje Hombre,Medida,6mm/65cm,45159,80.0,105.0,cadena-engranaje-hombre--6mm-65cm
ES,España,cadena-franco-hombre4mm,Cadena Franco Hombre,Medida,3mm/65cm,43192,60.0,80.0,cadena-franco-hombre4mm--3mm-65cm
ES,España,cadena-franco-hombre4mm,Cadena Franco Hombre,Medida,4mm/65cm,43195,65.0,85.0,cadena-franco-hombre4mm--4mm-65cm
ES,España,cadena-franco-hombre4mm,Cadena Franco Hombre,Medida,6mm/65cm,43200,70.0,95.0,cadena-franco-hombre4mm--6mm-65cm
ES,España,cadena-grabada-hombre,Cadena Grabada Hombre,Medida,4mm/65cm,41189,60.0,80.0,cadena-grabada-hombre--4mm-65cm
ES,España,cadena-grabada-hombre,Cadena Grabada Hombre,Medida,6mm/65cm,41200,70.0,95.0,cadena-grabada-hombre--6mm-65cm
ES,España,cadena-grabada-hombre,Cadena Grabada Hombre,Medida,8mm/65cm,41220,80.0,109.0,cadena-grabada-hombre--8mm-65cm
ES,España,cadena-granocafe-hombre,Cadena Grano de Café Hombre,Medida,6mm/65cm,42900,80.0,109.0,cadena-granocafe-hombre--6mm-65cm
ES,España,cadena-granocafe-hombre,Cadena Grano de Café Hombre,Medida,7mm/65cm,42925,85.0,115.0,cadena-granocafe-hombre--7mm-65cm
ES,España,cadena-lazo-hombre,Cadena Lazo Hombre,Medida,4mm/65cm,42788,60.0,80.0,cadena-lazo-hombre--4mm-65cm
ES,España,cadena-lazo-hombre,Cadena Lazo Hombre,Medida,6mm/65cm,42800,70.0,95.0,cadena-lazo-hombre--6mm-65cm
ES,España,cadena-lazo-hombre,Cadena Lazo Hombre,Medida,8mm/65cm,42800,80.0,109.0,cadena-lazo-hombre--8mm-65cm
ES,España,cadena-lazo-mujer2mm,Cadena Lazo Mujer 2mm,Medida,2mm/45cm,42782,45.0,60.0,cadena-lazo-mujer2mm--2mm-45cm
ES,España,cadena-lazo-mujer2mm,Cadena Lazo Mujer 2mm,Medida,3mm/45cm,42787,49.0,65.0,cadena-lazo-mujer2mm--3mm-45cm
ES,España,cadena-militar-mujer-2mm,Cadena Militar Mujer 2mm,Medida,2mm/45cm,43113,45.0,55.0,cadena-militar-mujer-2mm--2mm-45cm
ES,España,cadena-militar-mujer-2mm,Cadena Militar Mujer 2mm,Medida,3mm/45cm,43115,48.0,55.0,cadena-militar-mujer-2mm--3mm-45cm
ES,España,cadena-rustica-hombre,Cadena Rustica Hombre,Medida,4mm/65cmm,42598,70.0,115.0,cadena-rustica-hombre--4mm-65cmm
ES,España,cadena-rustica-hombre,Cadena Rustica Hombre,Medida,6mm/65cm,42600,80.0,130.0,cadena-rustica-hombre--6mm-65cm
ES,España,cadena-serpiente-hombre,Cadena Serpiente Hombre,Medida,4mm/65cm,42287,60.0,80.0,cadena-serpiente-hombre--4mm-65cm
ES,España,cadena-serpiente-hombre,Cadena Serpiente Hombre,Medida,6mm/65vm,42300,70.0,95.0,cadena-serpiente-hombre--6mm-65vm
ES,España,cadena-serpiente-hombre,Cadena Serpiente Hombre,Medida,8mm/65cm,42320,80.0,109.0,cadena-serpiente-hombre--8mm-65cm
ES,España,cadena-veneciana-hombre,Cadena Veneciana Hombre,Medida,3mm/65cm,42693,55.0,75.0,cadena-veneciana-hombre--3mm-65cm
ES,España,cadena-veneciana-hombre,Cadena Veneciana Hombre,Medida,4mm/65cm,42695,60.0,80.0,cadena-veneciana-hombre--4mm-65cm
ES,España,cadena-veneciana-hombre,Cadena Veneciana Hombre,Medida,6mm/65cm,42700,70.0,95.0,cadena-veneciana-hombre--6mm-65cm
ES,España,dije-virgen-piedras,Dije Virgen Piedras,Color,COLORES,23146,49.0,65.0,dije-virgen-piedras--colores
ES,España,dije-virgen-piedras,Dije Virgen Piedras,Color,CRISTAL,23147,49.0,65.0,dije-virgen-piedras--cristal
ES,España,dije-virgen-piedras,Dije Virgen Piedras,Color,VERDE,23148,49.0,65.0,dije-virgen-piedras--verde
ES,España,pulsera-cartier-hombre,Pulsera 3x1 Hombre,Medida,4mm/65cm,52498,40.0,55.0,pulsera-cartier-hombre--4mm-65cm
ES,España,pulsera-cartier-hombre,Pulsera 3x1 Hombre,Medida,6mm/65cm,52500,49.0,65.0,pulsera-cartier-hombre--6mm-65cm
ES,España,pulsera-chinesca-hombre,Pulsera Chinesca Hombre,Grosor,4mm/20cm,54883,45.0,65.0,pulsera-chinesca-hombre--4mm-20cm
ES,España,pulsera-chinesca-hombre,Pulsera Chinesca Hombre,Grosor,6mm/20cm,54888,56.5,75.0,pulsera-chinesca-hombre--6mm-20cm
ES,España,pulsera-chinesca-hombre,Pulsera Chinesca Hombre,Grosor,8mm/20cm,54890,60.0,85.0,pulsera-chinesca-hombre--8mm-20cm
ES,España,pulsera-cubana-hombre,Pulsera Cubana Hombre,Grosor,4mm/20cm,52390,45.0,65.0,pulsera-cubana-hombre--4mm-20cm
ES,España,pulsera-cubana-hombre,Pulsera Cubana Hombre,Grosor,6mm/20cm,52395,49.0,72.0,pulsera-cubana-hombre--6mm-20cm
ES,España,pulsera-cubana-hombre,Pulsera Cubana Hombre,Grosor,8mm/20cm,52397,60.0,85.0,pulsera-cubana-hombre--8mm-20cm
ES,España,pulsera-grabada-hombre,Pulsera Grabada Hombre,Medida,4mm/20cm,51189,45.0,65.0,pulsera-grabada-hombre--4mm-20cm
ES,España,pulsera-grabada-hombre,Pulsera Grabada Hombre,Medida,6mm/20cm,51200,49.0,72.0,pulsera-grabada-hombre--6mm-20cm
ES,España,pulsera-grabada-hombre,Pulsera Grabada Hombre,Medida,8mm/20cm,51220,60.0,85.0,pulsera-grabada-hombre--8mm-20cm
ES,España,pulsera-granocafe-hombre,Pulsera Grano de Café Hombre,Grosor,6mm/20cm,52900,50.0,69.0,pulsera-granocafe-hombre--6mm-20cm
ES,España,pulsera-granocafe-hombre,Pulsera Grano de Café Hombre,Grosor,7mm/20cm,52925,55.0,75.0,pulsera-granocafe-hombre--7mm-20cm
ES,España,pulsera-lazo-hombre,Pulsera Lazo Hombre,Medida,4mm/20cm,52793,45.0,65.0,pulsera-lazo-hombre--4mm-20cm
ES,España,pulsera-lazo-hombre,Pulsera Lazo Hombre,Medida,6mm/20cm,52800,49.0,72.0,pulsera-lazo-hombre--6mm-20cm
ES,España,pulsera-lazo-hombre,Pulsera Lazo Hombre,Medida,8mm/20cm,52830,60.0,85.0,pulsera-lazo-hombre--8mm-20cm
ES,España,pulsera-militar-hombre,Pulsera Militar Hombre,Medida,3mm/20cm,53100,40.0,60.0,pulsera-militar-hombre--3mm-20cm
ES,España,pulsera-militar-hombre,Pulsera Militar Hombre,Medida,4mm/20cm,53117,45.0,65.0,pulsera-militar-hombre--4mm-20cm
ES,España,pulsera-rustica-hombre,Pulsera Rustica Hombre,Medida,4mm/20cm,52598,45.0,60.0,pulsera-rustica-hombre--4mm-20cm
ES,España,pulsera-rustica-hombre,Pulsera Rustica Hombre,Medida,6mm/20cm,52600,50.0,70.0,pulsera-rustica-hombre--6mm-20cm
ES,España,pulsera-serpiente-hombre,Pulsera Serpiente Hombre,Medida,4mm/20cm,52287,45.0,65.0,pulsera-serpiente-hombre--4mm-20cm
ES,España,pulsera-serpiente-hombre,Pulsera Serpiente Hombre,Medida,6mm/20cm,52300,49.0,72.0,pulsera-serpiente-hombre--6mm-20cm
ES,España,pulsera-serpiente-hombre,Pulsera Serpiente Hombre,Medida,8mm/20cm,52320,60.0,85.0,pulsera-serpiente-hombre--8mm-20cm
ES,España,pulsera-veneciana-hombre,Pulsera Veneciana Hombre,Medida,3mm/20cm,52693,40.0,60.0,pulsera-veneciana-hombre--3mm-20cm
ES,España,pulsera-veneciana-hombre,Pulsera Veneciana Hombre,Medida,4mm/20cm,52695,45.0,65.0,pulsera-veneciana-hombre--4mm-20cm
ES,España,pulsera-veneciana-hombre,Pulsera Veneciana Hombre,Medida,6mm/20cm,52700,49.0,75.0,pulsera-veneciana-hombre--6mm-20cm
